Sample,POLE_mutation,POLD1_mutation,nSNV,nMS_indels,nmut_C1,nmut_C2,nmut_D1,nmut_E1,nmut_E2,nmut_E3,nmut_M1,nmut_M2
TCGA-2E-A9G8,None,None,63,NaN,2.70E+00,5.67E+00,7.905050e-322,2.282583e-321,4.49E+00,4.20E+00,1.26E+01,9.486060e-322
TCGA-4E-A92E,None,None,177,NaN,2.97E-254,1.06E-167,7.905050e-322,1.78E+00,9.35E+00,8.942588e-322,6.14E+00,4.49E-280
TCGA-5B-A90C,None,None,57,NaN,2.02E-44,1.23E+01,7.88E-01,2.282583e-321,7.19E-01,2.26E+00,3.76E+00,9.486060e-322
TCGA-5S-A9Q8,None,None,53,NaN,3.77E-118,3.08E-135,3.23E-27,3.38E+00,1.00E-149,8.942588e-322,8.92E+00,0
TCGA-A5-A0G1,p.F367S,None,15330,22,1.89E+03,9.66E+03,6.53E-07,9.53E+02,1.57E+02,9.66E-14,4.43E-45,6.13E+01
TCGA-A5-A0G3,None,None,54,9,9.23E-49,6.34E+00,3.81E-211,2.282583e-321,1.66E+00,8.942588e-322,3.48E+00,9.486060e-322
TCGA-A5-A0G5,None,None,190,8,7.61E+00,1.26E+01,8.58E-01,2.21E-270,1.14E-30,3.36E+01,1.20E+01,6.91E+00
TCGA-A5-A0G9,None,None,760,83,1.75E+01,9.17E+01,5.27E-35,2.56E+01,1.05E-56,1.07E+01,4.11E+02,8.66E+01
TCGA-A5-A0GA,None,None,394,106,4.06E+01,2.83E-01,2.81E+01,7.89E+00,5.98E+00,7.25E+00,3.43E+02,1.58E+00
TCGA-A5-A0GB,None,None,815,374,1.29E+02,2.63E+01,2.78E+01,1.08E+01,1.96E+00,1.02E+01,6.36E+02,2.58E+01
TCGA-A5-A0GE,None,None,43,6,1.09E+00,4.25E-258,7.905050e-322,4.83E-01,1.28E-57,7.25E+00,5.41E+00,9.486060e-322
TCGA-A5-A0GG,None,None,151,23,1.41E+01,2.47E-01,4.79E+00,9.44E-31,1.106707e-321,1.17E-85,1.84E+02,1.29E+01
TCGA-A5-A0GH,None,None,551,251,4.27E+01,1.77E+01,2.47E+00,1.28E+01,3.81E-16,6.81E-131,4.30E+02,3.38E+01
TCGA-A5-A0GI,None,None,543,81,7.02E+01,7.56E+01,2.16E+01,2.282583e-321,6.31E-80,7.46E-46,2.87E+02,3.33E+01
TCGA-A5-A0GJ,None,None,91,21,1.25E-146,4.42E+00,4.97E+00,2.282583e-321,1.106707e-321,4.50E+00,1.427850e-321,7.03E+00
TCGA-A5-A0GM,None,None,57,3,1.23E-23,5.08E+00,2.22E+00,5.49E-187,5.73E-01,8.942588e-322,1.41E+01,9.486060e-322
TCGA-A5-A0GN,None,None,77,9,3.32E+00,7.17E-176,3.63E-117,0,1.106707e-321,2.22E-186,9.89E-32,3.55E+00
TCGA-A5-A0GP,p.V411L,None,2228,20,1.32E+02,5.85E-89,2.58E-121,1.73E+03,1.48E-50,2.71E+02,2.12E+00,3.12E+01
TCGA-A5-A0GQ,None,None,77,4,5.12E-202,1.61E+00,1.02E-18,2.282583e-321,1.90E+00,8.942588e-322,1.47E+01,9.486060e-322
TCGA-A5-A0GR,None,None,47,11,1.665001e-321,1.437731e-321,5.61E-252,2.282583e-321,1.24E-174,3.17E+00,2.41E+01,9.486060e-322
TCGA-A5-A0GU,None,None,53,7,6.13E+00,2.05E+00,7.905050e-322,4.61E+00,9.62E-156,5.58E+00,2.46E+00,7.70E-142
TCGA-A5-A0GV,None,None,70,3,1.82E+01,4.31E+00,1.43E-136,1.07E+00,3.50E+00,8.942588e-322,2.37E-294,1.43E-184
TCGA-A5-A0GW,None,None,422,138,4.28E+01,1.09E-09,1.16E+01,7.66E+00,3.09E-01,5.98E-100,3.20E+02,2.35E+01
TCGA-A5-A0GX,None,None,55,8,4.88E+00,5.77E-175,3.73E-05,1.50E-162,1.106707e-321,1.04E-225,7.87E+00,5.19E+00
TCGA-A5-A0R6,None,None,60,4,1.70E-186,1.20E-180,3.22E+00,2.282583e-321,1.106707e-321,8.942588e-322,3.71E+00,1.34E-127
TCGA-A5-A0R7,None,None,114,53,3.78E-50,6.61E+00,1.29E-23,1.02E-224,4.65E-133,4.84E+00,1.42E+01,8.17E+00
TCGA-A5-A0R8,None,None,95,8,3.79E-58,1.64E-199,2.80E-12,1.55E-24,5.89E+00,3.16E-227,2.68E+01,5.87E+00
TCGA-A5-A0R9,None,None,90,27,5.10E-41,7.06E+00,7.905050e-322,2.282583e-321,9.26E-278,4.62E+00,6.26E+00,8.79E+00
TCGA-A5-A0RA,None,None,84,5,3.67E-53,3.27E+00,8.85E-269,1.20E-83,3.86E-230,7.05E+00,9.70E+00,1.31E+00
TCGA-A5-A0VO,None,None,94,2,3.74E+00,2.58E-63,1.47E-105,3.95E-233,5.95E+00,1.25E-248,8.05E+00,1.69E-203
TCGA-A5-A0VP,None,p.V392M,2405,83,3.35E+02,3.06E-44,1.75E+02,2.34E-213,1.16E-57,6.65E-111,2.29E+02,1.95E+02
TCGA-A5-A0VQ,None,None,412,124,5.97E+01,1.58E+00,4.21E+00,1.15E+01,4.31E-01,5.68E-11,3.31E+02,1.69E+00
TCGA-A5-A1OF,p.F367S,None,14667,57,3.66E+03,6.72E+03,8.67E-20,3.40E+02,6.82E+02,9.06E+02,3.02E+00,6.11E+02
TCGA-A5-A1OG,None,None,43,37,1.79E+00,7.19E-108,9.98E-01,2.05E+00,4.73E-198,8.942588e-322,5.45E-34,8.90E+00
TCGA-A5-A1OJ,None,None,72,7,1.80E+00,4.09E+00,4.68E+00,1.76E-285,5.09E-51,2.45E-19,4.10E-262,4.09E-01
TCGA-A5-A1OK,None,None,80,16,1.91E+00,2.15E+01,3.65E+00,1.137994e-311,8.86E-57,1.52E-39,4.12E+00,3.36E-01
TCGA-A5-A2K2,None,None,146,14,1.26E+01,7.59E+00,7.23E-149,3.51E+00,4.17E-175,8.18E+00,1.14E+01,8.04E-68
TCGA-A5-A2K3,None,None,1830,33,2.27E+02,6.01E+00,1.88E+02,1.97E+00,4.60E-126,2.33E-100,3.04E+02,2.23E-94
TCGA-A5-A2K4,None,None,41,16,2.43E-168,2.38E+00,2.04E-240,2.282583e-321,1.106707e-321,2.42E+00,1.427850e-321,4.28E-70
TCGA-A5-A2K5,p.P286R,None,11558,72,3.93E+02,3.15E+02,1.41E-60,1.07E+04,4.55E-01,1.42E-25,4.62E+00,4.46E-57
TCGA-A5-A2K7,p.E396G,None,683,525,8.71E+01,9.69E+00,8.41E+00,2.35E+00,2.86E-42,7.63E-111,4.80E+02,1.12E-01
TCGA-A5-A3LO,None,None,38,13,1.27E-167,1.08E+00,6.95E-01,1.21E+00,2.02E-189,8.942588e-322,9.55E+00,8.88E+00
TCGA-A5-A3LP,None,None,58,16,1.54E+00,9.94E-248,3.42E-21,4.83E-01,1.106707e-321,6.53E+00,1.13E+01,1.92E-227
TCGA-A5-A7WJ,None,None,758,NaN,7.52E+01,4.68E+01,9.07E+00,2.282583e-321,3.28E-141,3.22E-26,5.83E+02,2.31E+01
TCGA-A5-A7WK,None,None,82,NaN,3.44E-139,1.437731e-321,8.26E-220,5.54E+00,5.70E-01,3.66E+00,6.02E+00,9.73E-01
TCGA-A5-AB3J,None,None,59,NaN,3.32E+00,2.45E+00,7.905050e-322,2.282583e-321,1.106707e-321,6.77E+00,4.51E+00,1.20E-233
TCGA-AJ-A23M,None,None,130,5,7.61E-114,2.10E-206,2.48E-01,1.21E-150,5.17E+00,1.49E-02,1.09E+01,5.64E+00
TCGA-AJ-A23N,None,None,46,10,5.40E+00,3.41E-77,6.51E-16,4.72E-04,1.04E+01,1.87E-47,1.427850e-321,9.486060e-322
TCGA-AJ-A23O,None,None,1004,249,1.90E-35,5.66E+01,8.82E+01,2.15E-74,2.01E-166,1.30E+02,5.89E+02,7.57E+01
TCGA-AJ-A2QK,None,None,95,22,1.76E-251,1.04E-177,5.70E+00,3.64E-295,1.80E+00,5.09E+00,6.99E+00,7.66E-90
TCGA-AJ-A2QL,None,None,48,7,3.94E+00,1.437731e-321,4.54E-290,3.11E+00,3.11E-97,1.51E-54,4.06E+00,3.08E+00
TCGA-AJ-A2QM,None,None,241,29,2.82E-179,6.72E-299,3.17E-140,2.282583e-321,3.22E-14,8.942588e-322,3.76E+00,9.486060e-322
TCGA-AJ-A2QN,None,None,71,6,9.81E-133,3.37E-01,2.40E-283,2.282583e-321,3.93E+00,4.37E-220,0,2.59E-168
TCGA-AJ-A2QO,None,None,1132,789,1.03E+02,3.34E+01,1.05E+01,4.84E+00,4.02E-81,7.54E-23,1.03E+03,3.22E+01
TCGA-AJ-A3BF,None,None,29,11,6.60E-91,1.39E-269,4.97E-216,7.07E-146,4.89E+00,8.942588e-322,1.09E+01,0
TCGA-AJ-A3BG,None,None,1462,681,1.53E+02,2.41E-138,1.16E-225,3.96E+00,1.40E-70,5.63E-06,6.15E+02,1.63E-113
TCGA-AJ-A3BH,p.T278M,None,3379,591,1.34E+03,1.93E+02,2.82E-87,2.51E-286,7.38E-121,3.25E-165,9.88E+02,6.81E-219
TCGA-AJ-A3BI,None,None,45,19,7.40E-128,4.24E-79,5.02E+00,0,1.106707e-321,8.942588e-322,1.33E-260,2.30E+00
TCGA-AJ-A3BK,None,None,74,10,1.85E+00,8.79E+00,5.38E-26,4.46E+00,1.24E-90,8.942588e-322,4.57E+00,1.93E-01
TCGA-AJ-A3EJ,None,None,59,11,2.84E+00,3.12E+00,0,2.18E-277,3.23E+00,8.942588e-322,6.29E+00,0
TCGA-AJ-A3EK,p.S297F,None,7542,101,1.35E+03,2.96E+03,5.96E+01,1.52E+03,1.37E+02,3.22E-23,3.03E+02,2.08E+02
TCGA-AJ-A3EL,p.V411L,None,9584,88,1.02E+03,1.10E-30,6.53E+01,5.66E+03,5.67E+02,2.05E+03,4.51E-125,8.40E+00
TCGA-AJ-A3EM,None,None,63,20,8.38E+00,4.35E-146,7.07E+00,2.282583e-321,4.12E-01,2.93E-188,2.82E-226,1.84E-31
TCGA-AJ-A3I9,None,None,29,9,2.07E+00,4.04E+00,4.93E+00,2.282583e-321,1.106707e-321,3.44E-127,5.05E+00,3.05E+00
TCGA-AJ-A3IA,None,None,281,18,6.82E+00,4.36E+01,7.31E+00,2.282583e-321,1.49E-248,6.68E+00,2.46E+01,6.98E+00
TCGA-AJ-A3NC,None,None,58,5,8.92E+00,4.36E+00,5.41E+00,2.282583e-321,4.36E-102,4.98E+00,1.96E-303,1.73E+00
TCGA-AJ-A3NE,None,None,1072,133,1.55E+02,2.61E+01,1.08E+02,2.282583e-321,7.15E-252,1.59E-140,1.95E+02,2.25E+01
TCGA-AJ-A3NF,None,None,63,5,1.09E+01,6.54E-284,4.54E+00,2.25E+00,1.81E-228,8.942588e-322,8.59E+00,9.486060e-322
TCGA-AJ-A3NG,None,None,99,19,5.18E-107,5.18E+00,5.49E-26,2.282583e-321,1.106707e-321,2.12E-297,7.83E+00,1.60E+00
TCGA-AJ-A3NH,None,None,72,23,1.90E+01,1.437731e-321,3.44E+00,2.282583e-321,1.106707e-321,5.56E+00,1.427850e-321,1.42E-100
TCGA-AJ-A3OJ,None,None,930,478,8.37E+01,3.49E-05,1.07E-92,4.570107e-321,3.84E+00,3.96E-46,6.68E+02,2.05E+00
TCGA-AJ-A3OK,None,None,922,40,8.61E+01,1.64E-122,1.50E+01,0,1.106707e-321,1.03E-169,4.38E+01,2.60E+00
TCGA-AJ-A3OL,None,None,286,288,2.32E-76,1.437731e-321,1.24E-93,0,0,1.23E+01,2.49E+02,4.37E-90
TCGA-AJ-A3QS,None,None,325,NaN,7.63E+00,1.09E-74,2.21E-116,1.37E+01,2.33E+01,8.942588e-322,1.04E+01,9.486060e-322
TCGA-AJ-A3TW,None,None,159,14,1.12E-75,6.77E+00,6.06E+00,2.12E+00,2.93E-128,6.69E-91,8.86E+00,6.53E+00
TCGA-AJ-A5DV,None,None,85,9,2.79E-71,9.40E-01,4.16E-188,2.282583e-321,1.106707e-321,8.942588e-322,1.84E+01,5.271680e-320
TCGA-AJ-A5DW,p.P286R,None,4063,26,3.59E+01,1.70E+01,1.92E-45,3.70E+03,2.84E+02,2.83E-100,2.14E-292,1.59E-101
TCGA-AJ-A6NU,None,None,52,NaN,1.665001e-321,9.54E-285,2.72E-01,5.68E+00,1.106707e-321,3.12E-76,1.30E+01,2.61E-01
TCGA-AJ-A8CT,None,None,734,NaN,6.78E+00,1.437731e-321,8.888542e-318,1.14E-57,2.203533e-321,3.94E-63,1.81E+02,9.486060e-322
TCGA-AJ-A8CV,None,None,237,NaN,2.63E+01,7.63E-46,1.53E-66,8.54E-141,8.36E+00,1.03E+01,1.56E+02,1.91E+01
TCGA-AJ-A8CW,None,None,691,NaN,6.29E+01,3.23E+01,2.08E-87,4.23E+00,1.11E+01,1.04E-71,4.74E+02,2.68E+01
TCGA-AP-A051,p.L424I,None,12746,227,5.80E+03,6.05E+03,6.12E-78,1.51E+02,1.88E-12,1.10E+01,8.12E+02,3.94E+01
TCGA-AP-A052,None,None,74,18,1.03E-175,1.47E+01,2.61E+00,2.282583e-321,1.106707e-321,8.942588e-322,1.427850e-321,1.08E+01
TCGA-AP-A053,None,None,58,4,2.47E+00,4.21E+00,8.64E-197,4.64E-46,2.73E+00,3.33E+00,1.07E+01,3.07E-97
TCGA-AP-A054,None,None,1437,336,7.89E-14,1.20E-117,1.45E-106,5.84E+00,1.63E-121,7.58E+01,5.40E+02,8.44E+02
TCGA-AP-A056,p.V411L,None,12895,95,9.40E+02,4.37E-43,2.76E-111,9.36E+03,3.12E+02,2.01E+03,6.43E+01,7.94E-123
TCGA-AP-A059,p.S297F,None,18520,45,3.18E+03,1.23E+04,1.83E-39,1.37E+03,3.66E+02,5.19E-83,9.85E+01,4.26E-115
TCGA-AP-A05A,None,None,107,2,9.59E+00,3.35E+00,1.73E-144,8.11E+00,1.47E-52,2.57E-94,8.69E-234,6.33E-173
TCGA-AP-A05D,None,None,42,13,3.50E+00,1.19E-125,2.07E-74,2.282583e-321,1.106707e-321,1.10E+00,1.427850e-321,1.05E-219
TCGA-AP-A05H,None,None,86,241,9.50E+00,2.20E-84,2.28E-101,1.06E+01,1.106707e-321,7.01E+00,5.10E-76,4.37E+00
TCGA-AP-A05J,None,None,64,8,1.05E-28,2.30E+00,9.57E+00,2.49E-181,5.64E+00,9.86E-01,1.09E-31,8.71E+00
TCGA-AP-A05N,None,None,356,80,7.78E+01,1.69E+01,4.05E+01,7.69E+00,1.63E+01,1.47E+00,2.26E+02,1.39E+01
TCGA-AP-A05P,None,None,75,8,8.88E+00,5.45E+00,1.02E-189,1.93E+00,1.91E-96,4.66E+00,1.427850e-321,2.64E+00
TCGA-AP-A0L8,None,None,95,14,2.04E-137,6.69E+00,6.10E+00,5.82E-197,4.64E-01,1.20E+01,1.86E+01,3.63E+00
TCGA-AP-A0L9,None,None,95,22,1.665001e-321,1.437731e-321,9.83E-123,2.02E+00,1.106707e-321,2.50E-111,9.89E+00,9.69E+00
TCGA-AP-A0LD,None,None,564,324,3.53E-78,3.44E+01,1.84E+00,9.86E-69,8.02E+00,7.57E+00,3.30E+02,7.96E+01
TCGA-AP-A0LE,None,None,605,239,6.92E+01,7.57E+00,2.73E+01,1.20E-128,3.63E-99,5.13E-87,5.22E+02,5.21E+01
TCGA-AP-A0LF,None,None,310,6,1.16E-155,1.18E+01,6.240996e-311,2.78E+00,1.51E+01,9.09E-109,1.427850e-321,2.56E+00
TCGA-AP-A0LG,None,None,538,174,1.18E+02,1.76E-06,3.59E+01,4.66E+00,1.56E+01,6.30E+00,3.82E+02,1.30E+00
TCGA-AP-A0LH,None,None,40,11,1.24E-301,0,0,1.13E-48,6.83E-286,8.942588e-322,1.287535e-320,0
TCGA-AP-A0LI,None,None,154,7,2.36E+00,1.64E+00,5.32E+00,2.282583e-321,1.106707e-321,8.62E+00,9.42E+00,4.91E+00
TCGA-AP-A0LJ,None,None,47,5,2.86E-55,3.20E-127,9.78E-01,0,1.106707e-321,3.18E-30,3.92E+00,9.486060e-322
TCGA-AP-A0LL,None,None,56,18,2.54E+01,4.17E-14,7.905050e-322,2.282583e-321,1.08E-97,3.66E-05,1.427850e-321,9.486060e-322
TCGA-AP-A0LM,p.V411L,None,21191,107,3.18E+03,8.27E+02,1.80E-58,2.32E+03,8.06E+03,3.20E+03,4.38E+01,4.01E-17
TCGA-AP-A0LN,None,None,82,4,2.74E-07,5.27E-43,5.24E+00,3.76E-185,6.85E-89,6.16E+00,1.82E+01,4.90E-205
TCGA-AP-A0LO,None,None,47,89,4.86E-59,4.99E-90,2.98E-134,1.45E-47,2.79E-01,2.50E+00,3.97E-59,1.912034e-321
TCGA-AP-A0LP,None,None,349,105,8.70E+00,3.89E-40,8.33E+00,2.282583e-321,3.35E-216,1.10E+01,2.61E+02,1.30E+01
TCGA-AP-A0LQ,None,None,68,10,4.45E+00,2.41E+00,2.22E-96,2.282583e-321,1.96E+00,3.69E-267,3.63E-153,9.99E+00
TCGA-AP-A0LS,None,None,430,424,2.60E+01,1.69E+01,4.82E+01,4.05E+00,2.11E+00,1.26E-05,3.50E+02,1.15E+01
TCGA-AP-A0LT,None,None,730,382,8.37E+01,1.42E+01,2.24E+01,4.65E-262,2.83E-93,6.86E-40,5.68E+02,1.05E+01
TCGA-AP-A0LV,None,None,30,7,4.94E-02,1.437731e-321,7.905050e-322,2.282583e-321,2.28E+00,1.39E-231,3.87E+00,4.26E+00
TCGA-AP-A1DH,None,None,604,172,5.85E+01,3.77E+01,3.80E-54,2.34E-128,1.18E-41,2.62E-141,5.19E+02,1.41E+01
TCGA-AP-A1DK,None,None,14784,116,3.01E+03,2.61E+01,1.07E+04,4.59E-37,1.88E-61,1.75E-68,1.58E+02,1.63E-06
TCGA-AP-A1DM,None,None,373,236,6.98E+01,1.89E+00,3.07E-26,1.22E-229,4.51E+00,1.39E-229,3.02E+02,2.52E+01
TCGA-AP-A1DO,None,None,608,550,3.80E+01,9.77E-25,3.28E-02,4.61E+00,1.89E+00,5.32E+00,5.15E+02,4.63E+01
TCGA-AP-A1DP,None,None,458,462,5.69E+01,1.73E-28,1.14E+01,5.84E+00,8.14E-01,5.20E+00,3.74E+02,2.98E+01
TCGA-AP-A1DQ,None,None,44,7,8.05E-15,3.71E-247,1.78E-121,3.34E-277,4.70E-210,2.49E-145,2.87E+00,2.17E+00
TCGA-AP-A1DR,None,None,776,688,8.50E+01,1.32E+01,1.37E+01,9.02E+00,4.86E+00,6.27E+00,6.75E+02,1.97E-59
TCGA-AP-A1DV,p.S297F,None,15974,103,2.44E+03,4.52E-154,2.76E-296,2.09E+03,1.11E+04,8.38E+01,1.75E-245,3.12E-303
TCGA-AP-A1E0,p.S459F,None,6154,43,9.46E-09,1.63E+02,1.96E-94,5.34E+03,4.68E+02,1.27E-19,3.30E+01,3.03E-134
TCGA-AP-A1E1,None,None,616,180,6.81E+01,1.86E+01,1.07E+00,9.06E+00,3.14E-46,7.11E-73,4.63E+02,2.45E+01
TCGA-AP-A1E3,None,None,45,9,1.15E-36,1.23E-150,3.37E+00,2.21E+00,1.106707e-321,8.942588e-322,3.15E+00,1.86E+00
TCGA-AP-A1E4,None,None,30,4,7.39E+00,2.38E+00,3.82E-56,2.282583e-321,8.92E-38,1.52E+00,1.42E-03,4.98E-36
TCGA-AP-A3K1,None,None,39,29,7.63E-05,1.18E-257,7.08E-204,5.74E-204,1.81E+00,1.69E-165,9.59E+00,7.01E+00
TCGA-AP-A5FX,None,None,53,29,6.92E+00,3.77E+00,7.59E-157,2.282583e-321,1.106707e-321,8.942588e-322,1.427850e-321,4.09E-01
TCGA-AW-A1PO,None,None,82,39,4.41E-244,2.40E-09,4.91E+00,5.71E-83,1.54E+00,3.98E+00,3.45E+00,5.00E+00
TCGA-AX-A05S,None,None,648,197,9.79E+01,9.52E+00,2.16E-29,4.570107e-321,1.20E-194,1.01E+01,4.09E+02,1.49E+01
TCGA-AX-A05T,None,None,75,10,1.34E+01,1.18E+00,9.81E-295,3.01E+00,2.09E-261,9.27E-11,9.67E-277,5.76E-121
TCGA-AX-A05U,None,None,36,5,3.28E+00,1.73E-165,1.04E-106,3.46E+00,3.41E-145,8.019003e-315,6.44E+00,3.38E-211
TCGA-AX-A05W,None,None,116,4,2.17E-09,1.42E+01,1.12E-159,3.73E-114,5.35E-46,1.22E+01,4.70E+00,6.90E-97
TCGA-AX-A05Y,None,None,321,76,5.96E+01,5.81E+00,1.95E+01,2.282583e-321,1.20E-86,2.31E-05,1.03E+02,2.75E-05
TCGA-AX-A05Z,p.P286R,None,12860,45,5.08E-16,4.89E+02,5.33E-11,1.22E+04,7.90E+01,4.28E-163,8.20E+00,8.07E-144
TCGA-AX-A060,None,None,1176,NaN,1.71E+02,9.25E+01,4.11E+01,1.39E+01,5.52E+00,2.77E+01,5.32E+02,2.40E+02
TCGA-AX-A062,None,None,40,6,8.06E-01,1.83E-259,7.905050e-322,2.282583e-321,5.66E+00,4.76E+00,8.09E+00,9.486060e-322
TCGA-AX-A063,None,None,1402,227,4.58E+01,1.38E+02,2.33E+01,3.28E+00,1.79E-77,2.82E+01,5.99E+02,5.68E+02
TCGA-AX-A064,None,None,376,96,3.86E+01,3.37E+01,2.09E+01,4.88E-01,4.26E-23,2.58E+00,2.41E+02,4.11E+01
TCGA-AX-A06B,None,None,63,7,6.73E+00,6.04E-281,1.88E-60,2.15E-167,2.09E-90,4.47E+00,8.18E+00,3.53E+00
TCGA-AX-A06D,None,None,6,27,0,0,0,0,0,0,8.67E+01,0
TCGA-AX-A06F,p.P436R,None,10369,87,3.62E+03,4.28E+03,6.63E-90,1.71E+03,4.19E+02,2.38E+02,6.62E+00,1.41E-48
TCGA-AX-A06H,None,None,480,142,3.10E+01,7.80E+00,1.23E-87,6.30E+00,2.21E+00,1.35E+01,3.98E+02,1.76E+01
TCGA-AX-A06J,None,None,89,149,9.63E-200,7.42E+00,3.32E-45,4.40E+00,3.18E+00,9.38E-07,7.76E+00,9.74E-272
TCGA-AX-A06L,None,None,55,38,4.20E+00,2.64E+00,1.44E-193,2.282583e-321,2.19E+00,3.46E-118,3.51E+00,3.81E+00
TCGA-AX-A0IS,None,None,67,4,7.67E-49,1.89E-276,7.905050e-322,8.47E-69,1.106707e-321,1.78E-242,1.61E+01,9.486060e-322
TCGA-AX-A0IU,None,None,79,5,9.32E+00,2.43E-69,5.82E-214,5.24E-68,6.08E+00,7.07E-02,7.56E+00,9.38E-23
TCGA-AX-A0IW,None,None,80,16,6.894727e-311,6.98E-48,2.56E+00,3.72E+00,1.33E-60,4.40E+00,3.78E+00,4.95E+00
TCGA-AX-A0IZ,None,None,1229,74,2.31E+02,4.45E+01,3.81E+01,2.56E+00,8.11E-92,2.80E+01,3.47E+02,3.31E+01
TCGA-AX-A0J0,p.P286R,None,10185,121,1.98E-36,7.19E+01,3.21E-30,9.69E+03,2.89E-80,5.43E-23,1.76E+01,3.40E+02
TCGA-AX-A0J1,p.A465V,None,9652,235,8.96E+03,3.27E-02,4.61E-110,1.09E-49,1.12E+02,1.26E-229,7.79E+02,6.17E-280
TCGA-AX-A1C4,None,None,905,798,8.76E+01,3.54E+01,9.12E+00,2.282583e-321,6.46E+00,3.31E-61,8.06E+02,1.50E+01
TCGA-AX-A1C5,None,None,1089,206,1.74E+02,8.60E-30,7.83E+01,2.282583e-321,3.68E-213,1.59E+01,3.14E+02,1.30E+01
TCGA-AX-A1C7,None,None,53,12,4.08E+00,6.50E+00,2.09E-01,2.282583e-321,3.47E-49,3.55E+00,4.69E+00,2.68E+00
TCGA-AX-A1C8,None,None,95,8,1.97E-92,1.07E+01,1.04E-52,4.81E-220,5.13E+00,4.984974e-319,6.53E+00,2.00E+01
TCGA-AX-A1C9,None,None,1279,218,1.80E+02,1.39E-144,1.15E+01,9.54E-266,2.26E-03,1.21E+01,1.46E+02,3.72E+01
TCGA-AX-A1CA,None,None,160,NaN,1.19E+01,6.65E+00,4.28E-161,2.53E-265,5.46E+00,1.46E-148,4.46E+00,2.48E-197
TCGA-AX-A1CE,None,None,15273,626,9.83E+03,3.78E+03,2.15E-28,6.61E+02,2.37E-11,6.35E+02,4.70E+02,5.84E-16
TCGA-AX-A1CF,None,None,122,13,1.665001e-321,2.43E+00,7.905050e-322,2.282583e-321,1.51E+00,2.71E+00,4.18E+00,1.76E-173
TCGA-AX-A1CI,None,None,46,17,7.77E-61,7.62E-21,2.62E+00,1.544797e-314,4.48E-56,3.45E+00,5.11E+00,3.02E+00
TCGA-AX-A1CJ,None,None,67,NaN,4.66E-256,2.05E-274,4.58E-181,2.46E-202,3.12E+00,8.942588e-322,1.36E+01,9.486060e-322
TCGA-AX-A1CK,None,None,58,19,4.36E+00,6.74E-48,7.905050e-322,4.03E-87,1.21E+00,8.12E+00,6.05E+00,0
TCGA-AX-A1CN,None,None,37,12,6.23E+00,2.95E-150,3.66E+00,2.282583e-321,1.74E+00,8.942588e-322,2.63E+00,9.486060e-322
TCGA-AX-A1CP,None,None,32,3,1.665001e-321,0,7.905050e-322,1.56E+00,1.106707e-321,0,1.427850e-321,1.66E+00
TCGA-AX-A1CR,None,None,58,28,7.55E-53,4.90E-01,4.03E+00,8.55E-195,3.28E-207,5.79E+00,6.29E+00,0.00E+00
TCGA-AX-A2H2,None,None,247,22,1.39E+01,7.96E-23,2.88E-77,5.75E+00,7.43E+00,6.64E+00,3.26E+00,2.07E-134
TCGA-AX-A2H4,None,None,222,27,3.82E-37,8.48E+00,2.61E+00,2.282583e-321,2.00E-169,1.02E-110,4.30E+00,4.04E+00
TCGA-AX-A2H5,None,None,63,15,7.27E+00,7.18E-124,4.29E+00,9.81E-01,2.78E+00,6.75E-194,4.05E-104,1.22E+00
TCGA-AX-A2H7,None,None,104,5,3.16E-106,4.63E+00,5.06E-03,4.42E+00,2.45E+00,1.75E+00,1.27E+01,4.06E+00
TCGA-AX-A2H8,None,None,67,20,8.37E+00,1.437731e-321,7.905050e-322,2.77E-64,1.106707e-321,2.02E-39,3.35E+00,1.29E+00
TCGA-AX-A2HA,p.C402R,None,1766,1049,2.03E+02,4.92E+01,6.45E-06,7.30E-01,8.16E-36,3.86E-44,1.14E+03,7.55E+01
TCGA-AX-A2HC,p.M295R,None,16647,452,4.98E-19,2.79E+02,8.64E-164,2.47E+03,1.30E+04,9.08E-187,1.93E+02,5.27E-232
TCGA-AX-A2HD,p.S461L,None,10275,997,4.78E+03,2.29E+03,1.34E-91,1.44E+02,2.53E+02,6.46E-104,7.37E+02,7.26E-104
TCGA-AX-A2HF,None,None,30,7,3.15E+00,1.437731e-321,1.99E+00,1.40E+00,0,9.34E-92,1.427850e-321,7.10E-86
TCGA-AX-A2HG,None,None,893,484,8.26E+01,6.23E+01,8.82E-05,1.93E+00,1.80E-161,1.89E+01,7.63E+02,1.21E+00
TCGA-AX-A2HH,None,None,46,8,9.14E+00,5.32E-102,1.42E-172,2.282583e-321,3.87E+00,5.80E-44,2.36E+00,3.86E+00
TCGA-AX-A2HJ,None,None,1795,759,7.11E-32,1.89E+01,4.41E-22,1.44E-143,5.97E+00,1.59E+01,9.36E+02,9.52E+02
TCGA-AX-A2HK,None,None,79,22,3.00E-123,5.70E+00,5.96E-02,1.56E-04,6.50E-170,8.17E-60,2.67E-85,6.74E+00
TCGA-AX-A2IN,None,None,584,222,7.41E+01,1.64E+01,1.24E+01,2.26E+00,1.49E+01,1.10E+01,4.15E+02,6.03E+01
TCGA-AX-A2IO,None,None,457,15,3.46E+00,3.066550e-313,7.905050e-322,1.602453e-319,6.66E+00,8.942588e-322,1.14E+01,0
TCGA-AX-A3FS,None,None,803,727,6.77E-14,3.53E-37,5.56E+01,2.282583e-321,2.84E-192,3.45E-58,7.72E+02,6.74E+00
TCGA-AX-A3FT,None,p.R306C,1492,313,4.39E+01,1.25E+02,1.21E+02,9.45E-154,2.89E+00,4.28E+01,7.77E+02,2.63E-24
TCGA-AX-A3FV,None,None,112,53,5.01E-67,1.12E+01,1.79E-70,4.91E+00,6.13E-149,2.72E+00,7.30E+00,1.23E+01
TCGA-AX-A3FW,None,None,51,29,3.89E+00,1.98E-92,6.25E+00,5.71E-237,4.58E+00,1.69E-58,5.12E+00,1.73E-124
TCGA-AX-A3FX,None,None,82,9,1.665001e-321,1.29E+00,5.76E+00,1.37E-149,2.08E+00,2.33E+00,7.81E-217,2.89E+00
TCGA-AX-A3FZ,None,None,46,21,3.91E-02,1.437731e-321,4.78E+00,2.15E+00,1.47E-99,8.15E+00,4.11E+00,9.486060e-322
TCGA-AX-A3G1,None,None,60,23,1.665001e-321,1.20E-31,2.97E+00,6.16E-62,2.48E+00,1.41E-131,9.20E+00,2.46E+00
TCGA-AX-A3G3,None,None,181,22,6.33E+00,6.59E+00,4.45E-48,9.97E+00,4.04E-131,1.803340e-321,2.12E+01,1.04E+01
TCGA-AX-A3G4,None,None,46,19,6.61E+00,2.48E+00,4.68E+00,0,1.106707e-321,1.06E+00,3.99E+00,6.81E+00
TCGA-AX-A3G6,None,None,67,25,2.75E+00,3.33E-60,1.63E+01,1.76E-93,6.72E-54,7.76E+00,5.81E+00,2.30E-74
TCGA-AX-A3G7,None,None,25,14,1.28E+00,0,0,8.68E-01,1.106707e-321,8.942588e-322,6.17E+00,9.486060e-322
TCGA-AX-A3G8,None,None,794,703,1.72E+02,4.05E-02,6.42E-23,9.13E+00,1.79E-19,1.34E-92,6.00E+02,7.74E-69
TCGA-AX-A3G9,None,None,671,607,8.10E+01,2.30E+01,7.78E-164,1.23E+01,7.17E-74,4.30E-02,5.45E+02,7.12E-73
TCGA-AX-A3GB,None,None,100,13,1.59E+01,4.56E+00,2.18E-290,2.86E-44,8.86E-01,8.942588e-322,3.32E+00,9.486060e-322
TCGA-AX-A3GI,None,None,58,NaN,3.34E+00,9.99E+00,3.85E+00,6.21E-300,9.94E-164,3.04E+00,1.58E-63,2.90E-04
TCGA-B5-A0JN,None,None,201,7,8.82E+00,8.31E+00,1.87E+01,7.74E+00,3.87E-48,5.34E-01,2.13E+01,3.21E+00
TCGA-B5-A0JR,None,None,808,199,1.73E+02,7.28E+01,2.38E+01,9.57E-08,1.43E-15,4.12E+01,4.53E+02,1.07E+02
TCGA-B5-A0JS,None,None,41,18,9.37E+00,5.68E+00,5.40E-01,3.29E-270,1.106707e-321,1.43E-55,3.45E+00,5.11E-184
TCGA-B5-A0JT,None,None,81,8,2.77E+00,4.04E+00,4.82E-155,1.35E+00,7.45E+00,8.942588e-322,1.03E+01,3.393351e-314
TCGA-B5-A0JU,None,None,456,500,4.81E+01,1.22E+01,1.01E+01,4.34E-41,8.86E+00,6.68E-79,3.42E+02,9.97E-120
TCGA-B5-A0JV,None,None,622,83,4.08E+01,5.04E+01,4.01E-15,1.40E+00,1.17E+01,3.55E+00,3.06E+02,1.62E-44
TCGA-B5-A0JX,None,None,76,37,4.21E+00,9.04E-01,2.10E-40,3.45E+00,1.106707e-321,8.43E-27,1.58E+01,4.61E-219
TCGA-B5-A0JY,p.P286R,None,13706,181,5.89E+01,6.89E+02,7.07E-17,1.15E+04,1.08E+03,3.39E-31,1.96E+01,1.41E+02
TCGA-B5-A0JZ,None,None,618,236,8.09E+01,3.66E+01,2.23E+01,5.70E-01,1.09E+01,7.40E-189,4.93E+02,3.59E+00
TCGA-B5-A0K0,None,None,26,2,4.02E-175,4.36E+00,6.89E+00,2.282583e-321,7.29E-02,2.14E-01,1.82E+00,1.41E-02
TCGA-B5-A0K1,None,None,65,4,9.01E-17,1.08E+01,7.40E-01,4.65E-294,4.59E+00,4.97E+00,1.29E+01,2.10E-299
TCGA-B5-A0K2,None,None,437,270,3.94E+01,3.67E+01,3.38E+00,4.82E+00,1.05E-201,2.90E-51,3.07E+02,1.16E+01
TCGA-B5-A0K3,None,None,82,6,3.98E+00,5.20E+00,1.14E-11,3.20E-01,7.01E+00,3.16E-74,7.34E+00,1.43E+01
TCGA-B5-A0K4,None,None,56,4,1.09E-86,1.05E+01,2.416613e-311,1.95E+00,1.106707e-321,8.942588e-322,1.427850e-321,1.814612e-315
TCGA-B5-A0K6,None,None,575,62,4.59E+01,7.82E+01,3.27E+01,2.21E+00,4.09E-163,1.67E-168,3.22E+02,2.48E+01
TCGA-B5-A0K7,None,None,85,84,1.36E-196,2.62E+00,3.91E+00,2.282583e-321,1.106707e-321,8.942588e-322,1.41E+01,9.486060e-322
TCGA-B5-A0K8,None,None,67,6,1.19E-80,4.60E+00,1.57E-201,6.72E-48,8.81E-01,2.82E-109,2.53E+00,2.05E+00
TCGA-B5-A0K9,None,None,1038,177,1.33E+02,4.89E+01,4.86E-82,1.30E+01,1.03E-56,2.07E+01,7.03E+02,7.64E+01
TCGA-B5-A0KB,None,None,47,14,2.32E-242,6.00E+00,2.67E-04,1.47E+00,2.86E-166,0,2.26E-103,9.486060e-322
TCGA-B5-A11E,p.V411L,None,13997,108,2.72E+03,3.75E+03,2.07E-57,2.62E+03,9.03E-07,3.04E+03,1.36E-07,1.95E+01
TCGA-B5-A11F,None,None,79,42,4.03E-254,6.11E+00,7.78E-96,8.01E-42,1.13E-01,4.31E-31,6.63E+00,6.38E-02
TCGA-B5-A11G,None,None,676,259,6.81E+01,2.86E-106,2.69E-127,5.71E+00,5.57E+00,2.00E-01,1.43E+02,3.71E+02
TCGA-B5-A11H,None,None,1098,339,1.13E+02,1.57E-07,3.18E-32,1.21E+01,3.19E-02,2.43E-53,9.42E+02,9.25E+01
TCGA-B5-A11I,None,None,82,140,1.15E+01,1.94E-01,3.43E-99,9.21E+00,3.87E-20,1.42E+00,1.56E+01,3.40E+00
TCGA-B5-A11J,None,None,535,125,1.03E+02,6.18E-01,3.54E+00,4.13E+00,3.61E-167,1.11E-03,4.17E+02,1.43E+01
TCGA-B5-A11L,None,None,128,16,6.79E-01,4.74E-275,7.905050e-322,6.50E-04,1.15E-296,9.32E+00,7.32E+00,5.64E+00
TCGA-B5-A11M,None,None,53,13,4.96E+00,2.95E+00,7.31E-08,2.25E-208,3.59E+00,7.53E-55,2.87E+00,1.93E-101
TCGA-B5-A11N,p.P286R,None,2799,17,7.58E+01,1.85E-154,6.94E-115,2.63E+03,4.93E-131,8.75E-101,1.05E+01,1.52E-58
TCGA-B5-A11O,None,None,257,3,1.45E+01,3.51E+01,2.56E+01,1.70E-195,1.47E-117,1.08E+01,6.89E+01,3.21E-28
TCGA-B5-A11P,None,None,51,18,6.93E+00,4.83E+00,1.03E-189,2.282583e-321,1.106707e-321,8.942588e-322,5.37E+00,3.34E-30
TCGA-B5-A11Q,None,None,61,6,1.78E-159,2.43E+00,2.04E+00,1.75E-97,2.27E+00,8.45E-209,5.76E+00,0
TCGA-B5-A11R,None,None,885,15,1.39E-147,2.62E-135,3.42E-86,3.02E-123,1.81E-127,8.942588e-322,4.53E+01,0
TCGA-B5-A11S,None,None,66,9,5.22E+00,2.03E-110,1.06E+01,2.326761e-317,3.43E-211,5.01E-251,4.56E+00,1.98E-291
TCGA-B5-A11U,None,None,502,163,9.03E+00,4.30E+01,1.20E-74,4.53E+00,1.79E-105,7.30E-133,4.40E+02,1.33E-65
TCGA-B5-A11V,None,None,84,36,6.16E-98,1.437731e-321,4.35E-126,1.06E+01,7.39E-179,2.40E+00,1.45E+01,9.70E-41
TCGA-B5-A11W,None,None,82,12,2.14E-127,4.51E+00,9.58E-03,2.94E+00,3.06E-01,1.09E-234,7.80E+00,4.88E-84
TCGA-B5-A11X,None,None,73,2,7.14E+00,1.437731e-321,7.905050e-322,2.282583e-321,1.106707e-321,1.12E-89,8.95E+00,9.486060e-322
TCGA-B5-A11Y,None,None,1513,36,1.18E+02,2.11E-74,9.16E+01,4.565167e-321,2.67E-68,1.63E-107,1.78E+02,1.16E+02
TCGA-B5-A11Z,None,None,76,16,1.70E-137,2.58E+00,7.905050e-322,2.32E-270,2.26E+00,9.45E-35,2.49E+00,1.46E+00
TCGA-B5-A121,None,None,46,4,5.40E-63,0.00E+00,2.59E+00,3.76E-149,3.96E+00,5.73E+00,5.84E+00,3.73E-242
TCGA-B5-A1MR,p.P286R,None,8014,18,2.48E+02,1.91E+02,4.45E-119,6.66E+03,3.32E+02,4.82E+02,5.721280e-321,3.97E+01
TCGA-B5-A1MS,None,None,46,18,5.98E+00,1.60E+00,9.612368e-310,4.82E-01,9.31E+00,8.942588e-322,1.427850e-321,2.20E+00
TCGA-B5-A1MU,None,None,39,2,1.665001e-321,6.49E-26,8.10E+00,1.70E+00,9.40E-300,0,1.427850e-321,0
TCGA-B5-A1MV,None,None,78,14,1.28E+01,4.35E-03,1.49E+01,2.282583e-321,1.106707e-321,4.95E-229,2.64E-32,4.36E-107
TCGA-B5-A1MW,None,None,634,468,6.68E+01,7.04E-91,1.45E-06,3.03E-280,5.75E-239,4.11E+01,1.17E+02,3.69E+02
TCGA-B5-A1MX,None,p.S478N,8001,432,2.67E+02,1.89E+03,4.75E+03,6.36E+01,7.79E+00,8.16E-184,1.20E+03,2.33E-81
TCGA-B5-A1MY,None,None,61,8,1.10E+01,6.57E+00,7.905050e-322,1.33E-127,4.15E-71,7.30E+00,4.03E+00,9.486060e-322
TCGA-B5-A1MZ,None,None,58,15,1.665001e-321,2.880403e-321,2.01E+00,2.55E+00,9.27E-219,5.87E-294,4.94E-67,2.17E+00
TCGA-B5-A1N2,None,None,191,35,1.04E-118,3.76E+01,5.48E+00,2.40E+00,3.12E-11,5.64E-179,9.95E+00,9.83E+00
TCGA-B5-A3F9,None,None,79,8,1.96E+01,1.66E-01,2.23E-184,1.87E+00,2.203533e-321,2.19E-304,1.40E+01,2.14E+00
TCGA-B5-A3FA,p.V411L,None,14130,260,1.84E+03,3.58E+03,3.67E-17,1.97E+03,3.12E-105,2.41E+03,1.28E+02,3.18E+03
TCGA-B5-A3FB,None,None,58,10,1.07E+01,4.28E-104,5.88E+00,1.23E+00,2.48E+00,8.942588e-322,2.70E+00,2.50E-179
TCGA-B5-A3FC,p.L424I,None,16627,749,9.73E+03,6.90E+02,4.03E-22,2.45E+02,5.11E+02,6.66E-28,6.05E+01,1.05E+03
TCGA-B5-A3FD,None,None,64,NaN,5.97E+00,1.18E+01,4.58E-01,6.106886e-314,2.57E-23,5.23E-186,1.51E-47,1.71E-14
TCGA-B5-A3FH,None,None,43,15,1.665001e-321,3.90E-296,7.905050e-322,6.02E+00,1.83E+00,1.43E+00,9.58E+00,2.09E+00
TCGA-B5-A3S1,None,None,115,12,1.42E-113,6.91E-244,1.51E-278,1.45E-18,7.96E+00,4.72E+00,6.30E+00,1.00E+00
TCGA-B5-A5OC,None,None,1114,196,1.63E+02,1.25E+02,6.68E+00,7.52E+00,7.98E-59,1.72E-65,8.99E+02,8.25E+01
TCGA-B5-A5OD,None,None,56,NaN,2.11E+01,9.79E-38,5.41E+00,2.28E+00,1.92E+00,3.12E-11,3.20E+00,1.24E+00
TCGA-B5-A5OE,None,None,81,NaN,2.96E+00,1.00E-216,7.905050e-322,5.88E-02,1.106707e-321,8.07E+00,6.41E+00,6.15E+00
TCGA-BG-A0LW,None,None,42,7,2.63E-01,3.73E-01,1.39E-18,2.77E+00,1.65E-136,2.17E-107,4.85E+00,9.486060e-322
TCGA-BG-A0LX,None,None,631,182,8.33E+01,2.43E+01,1.13E-46,8.07E-197,4.11E+00,1.10E+01,4.45E+02,8.08E+01
TCGA-BG-A0M0,None,None,175,176,2.32E+01,9.92E-67,3.04E-86,6.64E+00,8.66E-01,3.08E-45,1.14E+02,3.10E-282
TCGA-BG-A0M2,None,None,41,81,1.665001e-321,1.437731e-321,7.905050e-322,1.15E+00,2.47E+00,2.18E-210,3.04E+00,9.486060e-322
TCGA-BG-A0M3,None,None,86,102,5.00E+00,1.18E-01,2.08E-262,1.76E-137,3.36E+00,5.46E+00,1.63E+01,9.486060e-322
TCGA-BG-A0M4,None,None,870,110,7.78E+00,1.91E-11,1.45E+02,5.12E+00,4.89E+00,2.44E+01,4.88E+02,2.11E+02
TCGA-BG-A0M6,None,None,48,121,5.56E+00,1.91E-169,1.20E+00,4.09E-240,3.80E-211,9.86E+00,1.89E-125,5.41E-42
TCGA-BG-A0M7,None,None,103,8,1.14E-138,2.28E-186,7.905050e-322,2.282583e-321,7.71E+00,2.736227e-313,4.57E+00,9.486060e-322
TCGA-BG-A0M8,None,None,127,11,3.16E+01,1.70E+00,1.05E+01,5.75E+00,5.15E-46,1.42E-110,4.44E+00,8.10E-31
TCGA-BG-A0M9,None,None,90,169,6.05E-104,9.94E+00,8.00E-216,2.282583e-321,5.93E-01,2.77E-273,1.35E+01,0
TCGA-BG-A0MA,None,None,47,12,3.00E-147,3.98E+00,7.905050e-322,2.282583e-321,8.95E-26,6.89E+00,1.26E+01,1.68E-91
TCGA-BG-A0MC,None,None,73,119,3.59E-146,1.437731e-321,7.905050e-322,4.62E-59,1.106707e-321,6.56E-251,1.95E+01,7.89E+00
TCGA-BG-A0MG,None,None,152,12,1.65E-173,3.31E-38,1.98E+00,8.78E+00,5.01E+00,9.72E-90,2.08E+01,1.10E+01
TCGA-BG-A0MI,None,None,68,6,1.86E-221,3.03E-163,7.905050e-322,1.01E-284,1.106707e-321,9.77E-119,1.17E-248,6.46E+00
TCGA-BG-A0MK,None,None,121,NaN,3.69E+00,9.51E+00,2.51E+01,2.282583e-321,1.09E-292,5.05E-35,2.50E+01,6.37E-130
TCGA-BG-A0MO,None,None,59,2,5.99E-02,2.85E-81,4.83E-177,2.282583e-321,1.106707e-321,8.02E+00,1.01E+01,1.36E-01
TCGA-BG-A0MQ,None,None,702,189,2.18E+01,3.37E+01,1.49E-57,7.90E-01,2.42E+00,3.70E-45,5.50E+02,1.10E+02
TCGA-BG-A0MS,None,None,60,87,2.96E+00,1.437731e-321,7.905050e-322,9.69E-13,3.98E-254,6.25E+00,9.39E+00,4.09E+00
TCGA-BG-A0MT,None,None,41,10,8.56E-01,9.333236e-315,9.77E-122,2.282583e-321,1.106707e-321,9.68E-77,1.51E+01,1.79E-129
TCGA-BG-A0MU,None,None,91,10,4.79E+00,1.60E+00,2.256128e-317,2.65E-272,1.42E+00,1.48E+00,6.51E+00,7.50E+00
TCGA-BG-A0RY,None,None,71,4,3.94E+00,2.20E-106,2.57E-08,2.282583e-321,1.106707e-321,4.68E+00,1.15E+01,2.19E+00
TCGA-BG-A0VT,None,None,51,3,4.87E+00,2.61E+00,2.61E-119,2.282583e-321,5.52E-226,4.66E-285,2.17E-242,9.486060e-322
TCGA-BG-A0VV,None,None,70,3,3.75E-203,6.03E+00,4.40E-01,4.03E+00,1.44E-193,2.16E-305,1.55E-118,0
TCGA-BG-A0VW,None,None,646,66,9.90E+00,3.11E+01,2.16E-56,4.56E-203,8.35E+00,6.91E+00,5.59E+02,6.65E+00
TCGA-BG-A0VX,p.L424V,None,245,6,6.60E+01,1.46E-170,6.52E-259,1.09E+02,1.76E+01,3.31E+01,2.23E+00,3.09E-101
TCGA-BG-A0VZ,None,None,390,102,4.49E+01,4.72E-63,1.43E+01,5.61E-73,1.59E+01,6.30E-01,3.24E+02,6.09E-151
TCGA-BG-A0W1,None,None,82,26,1.79E+01,4.24E-10,1.22E-46,2.282583e-321,1.47E-113,3.77E+00,8.81E+00,5.37E-157
TCGA-BG-A0W2,None,None,51,16,4.58E-203,6.54E-32,7.905050e-322,3.39E+00,3.16E-01,1.24E+00,2.95E+00,9.66E-01
TCGA-BG-A0YU,None,None,42,15,3.19E+00,3.92E+00,2.35E+00,2.10E-139,1.06E-121,4.67E-01,6.20E-187,1.06E+00
TCGA-BG-A0YV,None,None,104,8,1.13E-234,3.07E-257,6.69E+00,8.86E+00,4.407066e-321,5.03E-177,1.15E+01,6.24E+00
TCGA-BG-A186,None,None,41,115,9.59E+00,9.64E-105,7.905050e-322,1.03E+00,1.11E+00,1.01E-223,1.27E+01,6.56E-53
TCGA-BG-A187,None,None,100,4,8.68E+00,7.89E-174,7.71E+00,2.282583e-321,3.10E+00,2.18E-187,3.75E+00,9.92E-01
TCGA-BG-A18A,None,None,76,8,8.30E-201,4.24E+00,8.18E-96,6.24E-163,1.96E+00,2.42E-225,1.19E+01,4.42E+00
TCGA-BG-A18B,None,None,384,182,3.41E+01,2.66E+01,4.69E+00,4.84E+00,3.05E-01,1.38E-130,3.56E+02,1.40E-05
TCGA-BG-A18C,None,None,82,14,1.44E-278,6.92E+00,1.43E-131,3.19E+00,1.106707e-321,4.02E+00,3.23E+00,1.18E+00
TCGA-BG-A220,None,None,786,533,1.02E+02,1.38E+01,1.09E+01,6.21E-276,4.70E+00,1.03E-165,7.06E+02,9.07E+00
TCGA-BG-A221,None,None,1475,197,8.04E+01,5.28E+00,1.65E-09,1.31E-234,1.73E-83,1.03E+01,7.58E+02,2.67E+02
TCGA-BG-A222,None,p.V477M,5384,719,1.16E+03,3.03E-40,5.04E+01,1.29E-260,1.04E-178,5.68E-114,1.33E+03,2.87E+03
TCGA-BG-A2AE,None,None,78,4,2.79E+00,2.46E-08,1.94E+00,2.282583e-321,1.106707e-321,1.09E+00,7.08E+00,3.96E+00
TCGA-BG-A2L7,None,None,572,493,6.36E+01,4.21E+00,2.53E-231,3.81E-58,5.66E+00,1.09E+01,5.25E+02,2.14E-95
TCGA-BG-A3EW,None,None,487,413,5.87E+01,4.43E+01,6.10E+00,3.42E-49,7.06E-18,1.69E-43,3.50E+02,4.03E+01
TCGA-BG-A3PP,None,None,61,21,5.36E+00,5.19E+00,2.24E-17,1.71E-45,8.70E+00,6.80E-146,2.63E-53,1.35E+00
TCGA-BK-A0C9,None,None,989,50,1.18E+02,1.51E+01,1.38E+02,1.87E+01,5.19E-79,4.14E-101,3.43E+02,9.21E+01
TCGA-BK-A0CA,None,None,50,7,7.91E-193,6.53E-123,8.23E+00,2.45E+00,1.106707e-321,4.34E-295,4.21E+00,5.94E-76
TCGA-BK-A0CB,None,None,81,32,6.71E+00,8.49E-161,7.45E+00,2.282583e-321,1.106707e-321,1.03E-178,2.46E+00,3.61E-123
TCGA-BK-A0CC,None,None,83,62,6.53E-08,1.97E-47,1.07E+01,9.64E-19,1.34E-131,6.37E+00,1.10E+01,2.15E+00
TCGA-BK-A139,None,None,177,11,6.03E-11,1.86E-24,1.40E+01,6.50E+00,1.63E+01,1.11E+00,1.427850e-321,3.51E+00
TCGA-BK-A13B,None,None,695,562,4.18E+01,4.87E-03,6.88E+01,2.99E-01,1.26E+01,1.61E+01,5.67E+02,4.22E+01
TCGA-BK-A13C,None,None,53,6,1.665001e-321,1.23E+01,1.58E-89,2.282583e-321,1.31E-44,1.84E-208,1.01E+01,1.72E-15
TCGA-BK-A26L,None,None,94,13,1.59E+01,3.43E+00,3.59E+00,2.282583e-321,3.32E-01,1.01E-158,7.68E+00,4.01E+00
TCGA-BK-A4ZD,None,None,87,27,8.24E+00,8.50E-184,8.02E-160,4.45E-206,1.106707e-321,8.84E+00,1.144256e-320,5.09E+00
TCGA-BK-A56F,None,None,73,4,3.44E-244,1.18E+01,4.12E-233,3.46E-269,2.48E-144,2.84E-01,2.81E+00,1.99E+00
TCGA-BK-A6W3,p.P286R,None,5062,NaN,7.42E+01,5.23E+01,1.38E+01,4.89E+03,2.19E-37,5.69E-33,9.32E+00,5.05E+00
TCGA-BS-A0T9,None,None,73,15,3.72E+00,2.67E+00,8.43E+00,1.16E-283,1.83E+00,1.01E-172,8.94E+00,9.486060e-322
TCGA-BS-A0TA,None,None,585,70,9.00E+01,1.23E+01,8.39E-11,7.52E-259,1.66E+01,1.53E+01,4.50E+02,8.97E+01
TCGA-BS-A0TC,p.M444K,None,1630,20,3.66E+01,1.58E-85,4.99E-176,1.57E+03,3.49E-108,1.07E-239,1.89E-274,1.07E-227
TCGA-BS-A0TD,None,None,39,7,1.91E-76,3.96E-306,5.60E-285,5.60E-109,3.81E+00,3.30E-187,6.79E+00,3.07E+00
TCGA-BS-A0TE,None,None,395,143,6.32E+01,4.46E+01,9.05E+00,5.06E+00,8.70E-39,2.14E-266,1.97E+02,4.71E+01
TCGA-BS-A0TG,None,None,58,43,8.78E-223,5.23E-252,2.72E+00,3.89E-294,3.38E-06,4.22E+00,3.24E+00,2.17E-19
TCGA-BS-A0TI,None,None,103,18,1.665001e-321,2.20E+01,1.82E-176,2.57E+00,4.77E-44,2.36E-40,8.73E+00,1.03E+01
TCGA-BS-A0TJ,None,None,814,309,8.67E+01,4.56E+01,2.60E+01,2.30E-271,1.59E-152,1.46E-105,6.61E+02,2.75E+00
TCGA-BS-A0U5,None,None,67,6,2.07E-166,1.437731e-321,7.905050e-322,4.29E-266,2.58E-182,3.90E-02,3.14E+00,3.24E+00
TCGA-BS-A0U7,None,None,277,21,8.62E+00,7.95E+00,5.08E+01,2.282583e-321,1.83E+00,4.22E-186,1.20E+02,2.01E+01
TCGA-BS-A0U8,None,None,488,203,8.15E+01,1.46E-03,1.33E+01,3.65E+00,1.08E-27,1.98E-92,3.75E+02,3.07E+01
TCGA-BS-A0U9,None,None,43,NaN,5.82E-243,4.93E-235,1.43E+00,0,0,8.942588e-322,3.75E+00,4.23E+00
TCGA-BS-A0UA,None,None,353,82,4.67E+01,4.02E-70,1.15E-147,1.78E+00,5.57E-01,4.61E-71,2.41E+02,4.26E-26
TCGA-BS-A0UF,p.P286R,None,11723,51,1.87E-32,6.68E+02,3.98E-77,1.04E+04,4.31E+02,5.18E-11,1.42E+02,4.29E+01
TCGA-BS-A0UJ,None,None,2202,93,5.14E-106,1.17E-28,2.03E+02,3.14E+02,6.06E-180,1.03E+02,3.57E-60,1.45E+03
TCGA-BS-A0UL,None,None,465,23,3.70E+01,1.60E+01,3.40E-61,2.29E+00,2.70E-03,5.16E-29,2.99E+02,1.03E-04
TCGA-BS-A0UM,None,None,595,170,1.02E+02,3.27E+01,6.69E-19,8.77E+00,3.30E-139,3.81E-03,4.18E+02,4.29E+01
TCGA-BS-A0UT,None,None,61,7,5.52E+00,4.57E+00,1.05E+00,2.282583e-321,1.106707e-321,8.942588e-322,5.27E+00,3.51E-40
TCGA-BS-A0UV,p.P286R,None,12948,54,1.14E+02,2.46E+02,6.27E+01,1.09E+04,6.52E+02,6.58E-57,1.93E+01,1.11E+02
TCGA-BS-A0V4,None,None,329,178,5.20E+01,2.15E+01,6.84E-28,7.04E-246,4.99E-116,6.23E-102,3.00E+02,3.68E-67
TCGA-BS-A0V6,None,None,81,4,6.71E+00,2.34E+00,1.83E-246,2.282583e-321,6.13E-231,1.68E-206,1.427850e-321,6.28E+00
TCGA-BS-A0V7,None,None,81,5,3.30E+00,1.17E+01,2.21E-120,2.76E-279,5.71E+00,1.06E-73,1.24E+01,9.60E-02
TCGA-BS-A0V8,None,None,114,8,1.71E-98,2.95E+00,5.36E+00,6.51E-125,6.19E+00,8.17E+00,1.42E+01,2.54E+00
TCGA-BS-A0VI,None,None,331,182,8.51E+01,1.45E+01,1.32E-12,2.91E+00,1.58E-103,9.55E-44,2.16E+02,1.22E+01
TCGA-BS-A0WQ,None,None,58,7,7.40E+00,1.86E-39,2.20E-25,2.43E-123,0.00E+00,4.64E-06,8.12E+00,1.76E+00
TCGA-D1-A0ZN,None,None,67,4,3.02E-210,4.80E+00,7.905050e-322,1.42E-248,2.75E-243,9.59E-01,4.83E+00,6.84E-187
TCGA-D1-A0ZO,None,None,710,168,7.23E+01,2.29E+01,1.62E-26,1.42E+01,9.08E-01,1.78E-19,6.29E+02,1.57E+01
TCGA-D1-A0ZP,None,None,61,74,1.47E+00,7.193596e-321,5.28E-01,2.51E+00,6.80E-01,6.90E-80,1.07E-141,3.60E-108
TCGA-D1-A0ZQ,None,None,99,5,5.36E+00,4.37E+00,1.94E-302,2.27E+00,1.53E-141,6.13E-197,8.94E+00,9.486060e-322
TCGA-D1-A0ZR,None,None,79,10,4.01E-03,5.69E-219,8.11E-01,2.62E+00,4.18E-178,3.30E-56,1.31E+01,5.91E+00
TCGA-D1-A0ZS,None,None,430,201,4.38E+01,6.65E-52,5.87E+00,2.282583e-321,4.51E-178,2.53E-05,4.04E+02,5.14E+00
TCGA-D1-A0ZV,None,None,47,16,3.04E-01,7.79E-42,1.96E-227,2.282583e-321,1.00E+01,3.67E-36,1.09E+01,7.00E-105
TCGA-D1-A0ZZ,None,None,86,23,7.44E-213,1.437731e-321,9.28E-279,1.50E-96,4.70E-202,6.66E-80,2.50E+01,9.486060e-322
TCGA-D1-A101,None,None,808,55,1.22E+02,7.52E+00,9.85E+01,0.00E+00,3.37E+00,8.81E+00,5.25E+02,1.66E-65
TCGA-D1-A102,None,None,71,13,1.40E+00,8.73E+00,5.98E-292,8.12E-90,5.10E-44,5.58E+00,9.12E+00,3.80E-140
TCGA-D1-A103,p.A456P,p.A509D,10403,86,3.50E+03,2.62E+03,2.68E-118,2.76E+03,1.67E+02,3.54E-10,4.69E+01,2.12E+02
TCGA-D1-A15V,None,None,69,6,4.84E-76,7.97E+00,1.16E+00,2.83E-221,5.28E+00,5.80E-151,2.74E+00,5.04E-01
TCGA-D1-A15W,None,None,99,160,3.79E+00,2.88E-01,1.25E-260,6.02E+00,5.47E-301,1.08E+01,5.67E+00,1.33E-290
TCGA-D1-A15X,None,None,2283,39,3.63E+02,5.55E+01,1.44E+02,3.72E-23,5.74E+00,4.29E+01,2.00E+02,8.88E+02
TCGA-D1-A15Z,None,None,88,16,5.93E-73,9.77E+00,7.905050e-322,1.15E+00,1.46E+00,8.42E-98,2.17E+01,9.12E-252
TCGA-D1-A160,None,None,652,137,3.13E+01,9.47E+01,6.56E-11,3.03E-189,7.97E-81,1.43E+01,5.22E+02,9.15E+01
TCGA-D1-A161,None,None,102,6,1.85E+01,8.35E-151,7.905050e-322,0,1.106707e-321,6.71E-234,4.33E+00,1.43E+00
TCGA-D1-A163,None,None,641,246,6.10E+01,2.34E+01,1.54E-43,2.282583e-321,3.33E-200,2.55E-134,6.21E+02,2.21E+01
TCGA-D1-A165,None,None,95,3,8.15E+00,7.10E-165,5.74E+00,2.282583e-321,3.85E+00,8.942588e-322,2.93E-90,9.486060e-322
TCGA-D1-A167,None,None,2180,179,2.96E+02,5.46E-121,1.77E+02,2.42E-256,1.65E-262,8.31E-230,4.38E+02,3.51E-125
TCGA-D1-A168,None,None,69,31,1.70E+01,3.45E-40,8.99E-43,2.282583e-321,5.77E+00,2.80E-38,8.84E+00,1.30E-06
TCGA-D1-A169,None,None,84,6,3.59E+00,3.41E-253,7.905050e-322,1.85E-186,2.26E-64,3.39E+00,6.95E+00,5.60E+00
TCGA-D1-A16B,None,None,61,15,1.20E+01,2.17E-51,7.905050e-322,4.10E+00,6.84E-01,7.10E+00,9.94E+00,8.09E-298
TCGA-D1-A16D,None,None,56,3,2.21E-01,1.88E-80,1.22E-153,2.282583e-321,6.00E-129,4.40E+00,1.08E+01,3.95E+00
TCGA-D1-A16E,None,None,76,4,2.02E+01,2.04E-250,7.17E-68,6.08E-222,1.106707e-321,1.02E-16,7.00E+00,1.39E+00
TCGA-D1-A16F,None,None,654,80,7.68E+01,6.72E+00,1.53E-05,2.25E+00,3.90E+00,8.55E-15,5.73E+02,2.99E+01
TCGA-D1-A16G,None,None,60,1,6.26E+00,4.40E+00,1.21E-98,4.17E+00,3.79E-33,3.40E+00,7.50E+00,2.63E-68
TCGA-D1-A16I,None,None,62,17,1.665001e-321,7.36E+00,2.62E+00,4.26E+00,1.16E-134,2.10E-234,1.97E-36,7.19E+00
TCGA-D1-A16J,None,None,310,6,1.45E-186,2.77E+00,6.02E-280,3.81E-170,2.79E+01,1.66E-59,6.18E+00,2.40E-271
TCGA-D1-A16N,None,None,215,19,1.67E+00,1.42E+01,6.41E-175,3.68E-294,1.33E-283,1.49E+01,7.03E+01,3.94E+01
TCGA-D1-A16O,None,None,58,67,1.61E+01,3.31E+00,4.08E-160,0,1.106707e-321,9.19E-101,6.16E+00,3.11E+00
TCGA-D1-A16Q,None,None,50,4,1.37E+01,9.92E-01,1.15E-78,1.36E-01,2.42E-77,1.36E-221,3.68E-158,2.97E-01
TCGA-D1-A16R,None,None,71,7,2.28E-187,2.32E-47,1.22E+01,0,1.106707e-321,1.00E-123,6.84E-267,7.66E-01
TCGA-D1-A16S,None,None,78,7,4.05E-113,1.04E+01,2.10E-110,1.28E-103,4.47E+00,1.12E-68,9.73E+00,7.57E-59
TCGA-D1-A16V,None,None,53,4,1.96E-273,2.59E-210,1.37E-115,1.04E-08,2.78E+00,8.942588e-322,3.14E-152,5.53E-01
TCGA-D1-A16X,p.P286R,None,7039,6,5.19E+02,3.77E+02,1.85E-52,5.03E+03,3.03E-50,1.13E-50,2.60E-96,1.87E+02
TCGA-D1-A16Y,p.V411L,None,1426,89,2.01E+01,4.03E-212,1.31E-213,1.07E+03,2.91E-97,2.47E+02,2.860640e-321,3.71E-78
TCGA-D1-A174,None,None,999,226,7.51E+01,3.59E+01,4.99E-07,3.07E-01,6.02E+00,1.96E+00,7.27E+02,3.99E-10
TCGA-D1-A175,None,None,7761,463,2.21E+02,2.09E-43,2.34E-102,5.19E+00,9.67E-36,3.14E-35,1.48E+03,5.88E+03
TCGA-D1-A176,None,None,654,113,6.26E+01,5.64E+01,7.92E-64,7.68E-120,1.23E-85,1.97E-69,4.65E+02,3.03E+01
TCGA-D1-A177,None,None,795,308,1.47E+02,7.07E-01,4.43E-95,2.40E+00,4.74E+00,1.15E-93,7.21E+02,4.83E+01
TCGA-D1-A179,None,None,67,6,7.48E+00,4.33E-179,7.905050e-322,2.23E+00,3.71E-198,2.40E+00,7.16E+00,1.77E+00
TCGA-D1-A17A,None,None,296,52,5.50E+01,3.10E-15,2.43E+01,1.60E+00,1.51E-01,3.90E+01,1.67E+02,5.04E+00
TCGA-D1-A17B,None,None,383,21,1.87E-04,1.83E+01,9.83E-130,6.76E+00,1.38E-105,5.92E+00,2.37E+02,3.13E-163
TCGA-D1-A17C,None,None,66,5,9.05E+00,1.437731e-321,7.905050e-322,5.27E+00,1.106707e-321,4.02E-215,1.12E+01,9.486060e-322
TCGA-D1-A17D,None,None,596,131,2.64E+01,2.75E+01,7.14E+01,3.24E+00,3.44E+00,4.88E-164,4.12E+02,1.39E-140
TCGA-D1-A17F,None,None,347,16,5.80E+01,3.25E+01,7.16E+01,2.28E-242,2.36E-124,1.31E-156,9.02E+01,2.36E+01
TCGA-D1-A17H,None,None,768,179,8.90E+01,1.29E+01,2.65E+01,1.60E+00,1.07E-117,1.88E-46,6.33E+02,6.82E+01
TCGA-D1-A17K,None,None,94,4,4.49E+00,1.07E+01,5.02E-126,4.47E+00,2.21E+00,2.12E+00,1.69E+01,1.14E+00
TCGA-D1-A17L,None,None,81,3,7.97E-64,1.12E+00,1.79E+00,4.76E+00,5.43E-27,1.13E-18,2.09E-132,9.486060e-322
TCGA-D1-A17M,None,None,567,65,1.08E+02,1.05E+01,2.21E-133,3.42E+00,1.45E-56,4.05E+00,3.89E+02,4.43E+00
TCGA-D1-A17N,None,None,39,7,2.24E-80,9.27E+00,7.905050e-322,1.65E-196,1.34E+00,1.33E-201,3.12E+00,1.59E-304
TCGA-D1-A17Q,p.P286R,None,8913,52,2.64E-65,1.79E+02,1.35E+02,7.53E+03,4.45E+02,6.51E-44,2.33E+01,2.36E+02
TCGA-D1-A17R,None,None,314,17,3.80E+01,2.57E+00,1.81E-119,4.62E+00,1.47E-164,1.76E+01,2.51E+02,1.81E+00
TCGA-D1-A17S,None,None,66,8,3.61E+00,9.64E+00,1.32E+00,5.58E-68,1.03E+00,8.942588e-322,1.81E+00,0
TCGA-D1-A17T,None,None,98,11,5.26E+00,2.24E-19,3.24E-202,6.69E-194,3.00E+00,5.78E-123,4.05E+00,1.94E-298
TCGA-D1-A17U,None,None,591,128,2.86E+01,1.38E+01,5.16E+01,9.87E+00,1.88E-186,3.00E+01,4.88E+02,1.77E+00
TCGA-D1-A1NS,None,p.V489A,339,88,3.79E+01,1.20E+01,6.36E+00,1.12E-93,4.60E+00,1.22E+01,2.52E+02,5.13E-01
TCGA-D1-A1NU,None,None,97,6,9.83E-60,9.10E+00,3.55E-01,0,1.106707e-321,8.942588e-322,3.79E+00,1.15E+01
TCGA-D1-A1NW,None,None,80,26,4.23E-169,8.98E-201,7.06E-204,1.50E-265,3.43E+00,8.942588e-322,6.57E-277,1.44E+01
TCGA-D1-A1NX,None,None,61,8,1.07E-04,1.83E-66,1.54E-162,2.282583e-321,5.53E+00,7.41E-95,1.427850e-321,6.35E+00
TCGA-D1-A1NY,None,None,593,421,1.11E+02,3.58E-10,7.98E-37,7.54E+00,2.33E-72,1.37E+01,4.90E+02,2.07E+01
TCGA-D1-A1NZ,None,None,841,381,7.84E+01,4.41E+01,3.34E+01,8.22E+00,2.24E-02,6.65E+00,5.54E+02,7.94E+01
TCGA-D1-A1O0,None,None,71,20,5.72E+00,8.78E-85,2.63E+00,8.12E-01,3.65E-281,2.69E-109,1.13E+01,1.76E+00
TCGA-D1-A1O5,None,None,91,7,8.08E-112,3.52E+00,5.97E-06,1.23E-108,3.55E+00,5.91E-112,3.62E+00,6.03E-110
TCGA-D1-A1O7,None,None,442,125,3.81E+01,1.63E+01,2.41E-23,4.84E-204,4.95E-207,7.29E-130,2.14E+02,3.46E-92
TCGA-D1-A1O8,None,None,78,12,3.60E+00,1.76E-116,1.92E-06,2.65E+00,1.106707e-321,8.942588e-322,7.84E+00,6.80E-01
TCGA-D1-A2G0,None,None,831,585,1.29E+02,1.06E+00,2.94E+01,2.28E-152,4.42E+00,1.56E+01,7.12E+02,1.59E+01
TCGA-D1-A2G5,None,None,259,50,2.33E+01,3.55E+01,3.06E-08,8.85E-01,4.78E-08,9.42E+00,1.50E+02,1.19E+01
TCGA-D1-A2G6,None,None,114,13,2.30E+01,1.29E-169,4.31E-234,1.08E-88,1.34E-184,1.74E+01,1.51E+01,9.486060e-322
TCGA-D1-A2G7,None,None,64,12,1.665001e-321,1.40E+00,2.59E+00,1.80E-292,1.65E+00,5.19E-01,1.427850e-321,9.486060e-322
TCGA-D1-A3DA,None,None,82,11,1.13E+01,1.07E-01,2.06E-173,4.43E+00,1.106707e-321,1.29E-88,8.58E+00,6.84E+00
TCGA-D1-A3DG,None,None,135,27,6.10E-141,5.05E+00,7.60E-03,8.05E-76,8.21E-01,7.63E+00,3.74E+00,8.99E+00
TCGA-D1-A3DH,None,None,114,33,2.67E-264,1.583624e-314,4.33E-265,6.06E+00,6.27E+00,9.42E-120,2.855699e-321,7.56E+00
TCGA-D1-A3JP,None,None,60,6,1.665001e-321,1.437731e-321,7.905050e-322,4.49E-274,2.25E+00,2.27E-161,1.81E+00,8.40E-01
TCGA-D1-A3JQ,None,None,40,13,1.39E+01,3.63E-38,2.24E+00,2.282583e-321,5.38E+00,9.83E-264,1.427850e-321,7.60E-01
TCGA-DF-A2KN,None,p.D316G,5754,396,1.62E+02,1.39E+03,2.85E+03,1.64E+01,2.41E+01,1.03E+01,1.55E+03,4.25E+01
TCGA-DF-A2KR,None,None,108,32,1.18E-71,1.20E+01,1.15E+01,1.22E+00,6.17E-282,4.52E-296,1.58E-202,1.39E+01
TCGA-DF-A2KS,None,None,132,25,1.35E+01,1.37E-03,7.905050e-322,2.282583e-321,2.17E-64,1.78E+01,6.81E+00,1.06E+01
TCGA-DF-A2KU,p.V411L,p.V368M,14253,85,3.95E+03,5.21E+03,1.19E+02,2.12E+03,4.85E+02,1.57E+02,9.67E+00,4.49E-24
TCGA-DF-A2KV,p.A456P,None,1662,12,7.37E+01,3.04E-293,1.595832e-321,1.57E+03,6.76E-127,4.17E-13,2.860640e-321,5.22E+00
TCGA-DF-A2KY,None,None,489,817,4.93E-27,4.00E-221,1.595832e-321,4.61E-161,1.15E+01,1.87E-82,4.50E+02,1.20E+02
TCGA-DF-A2KZ,None,None,632,216,7.52E+01,2.86E+01,2.65E+00,1.06E+00,1.54E+01,4.81E-01,5.10E+02,1.18E-26
TCGA-DF-A2L0,None,None,47,29,8.12E-83,7.82E-01,7.905050e-322,2.282583e-321,0,5.55E+00,2.65E+00,5.69E-269
TCGA-DI-A0WH,None,None,1436,120,1.33E+02,2.82E+01,4.48E-60,5.89E-152,3.70E+00,3.94E+01,5.60E+02,7.50E+02
TCGA-DI-A1BU,None,None,10149,803,4.85E+02,2.47E+00,6.48E-62,2.94E+01,2.42E+01,1.75E-38,2.08E+03,7.88E+03
TCGA-DI-A1BY,None,None,67,4,6.77E-09,5.86E+00,3.93E+00,2.282583e-321,1.106707e-321,8.80E-191,5.87E+00,3.78E+00
TCGA-DI-A1C3,None,None,48,3,1.77E-281,6.34E+00,7.905050e-322,2.58E-135,1.106707e-321,1.13E-23,7.72E+00,6.96E+00
TCGA-DI-A1NN,None,None,62,6,3.75E+00,2.33E-28,1.88E+00,1.36E-203,3.10E+00,8.942588e-322,4.99E+00,9.486060e-322
TCGA-DI-A1NO,None,None,276,49,1.04E+01,4.23E+01,2.13E+00,3.44E+00,3.66E+00,1.50E-97,2.92E+01,6.60E+00
TCGA-DI-A2QT,None,None,25,20,1.665001e-321,2.42E-105,7.905050e-322,3.25E-01,8.31E+00,2.46E-09,3.40E+00,3.12E+00
TCGA-DI-A2QU,None,None,75,19,2.57E-52,5.61E+00,1.03E-45,5.93E-45,2.43E+00,4.98E-102,1.57E+01,1.78E+00
TCGA-DI-A2QY,None,None,124,22,1.52E+00,1.08E+00,1.76E+01,2.05E+00,7.00E+00,7.51E+00,1.18E-280,4.65E-246
TCGA-E6-A1LX,p.P286R,None,16809,44,1.49E+03,1.34E+02,3.31E-16,1.20E+04,1.36E+03,1.08E+03,9.29E+01,2.33E+02
TCGA-E6-A1LZ,None,None,325,11,3.36E-93,1.69E-10,8.67E-184,1.46E+01,4.48E+00,1.11E-95,9.17E+00,4.33E+00
TCGA-E6-A1M0,p.S459F,None,2066,25,8.84E+01,8.14E-39,8.29E-95,1.96E+03,1.72E-42,1.67E-93,7.87E+00,6.76E-278
TCGA-E6-A2P8,None,None,623,271,5.37E+01,1.89E-14,1.35E-39,8.23E-02,2.76E+00,2.00E+01,5.43E+02,6.65E+01
TCGA-E6-A2P9,None,None,963,556,1.77E+02,4.01E+01,1.29E-50,2.51E-256,5.20E-139,1.88E+01,7.86E+02,6.27E-21
TCGA-E6-A8L9,None,None,49,NaN,8.08E+00,2.92E-124,7.06E-20,2.282583e-321,1.106707e-321,8.942588e-322,8.15E+00,2.72E-296
TCGA-EC-A1NJ,None,None,310,86,2.14E+01,4.20E-258,2.50E-78,7.68E+00,3.48E-15,7.22E+00,4.50E+01,1.76E+02
TCGA-EC-A1QX,None,None,771,140,1.79E+02,5.97E+01,9.99E+01,3.11E+00,9.96E-31,8.50E+00,4.48E+02,4.68E+01
TCGA-EC-A24G,None,None,1400,163,2.26E+02,2.79E-76,1.56E+02,1.50E-02,9.44E-32,1.16E-48,1.95E+02,6.83E+01
TCGA-EO-A1Y5,None,None,95,6,4.15E+00,6.23E+00,8.35E-89,1.85E+00,4.95E+00,3.91E+00,6.38E-103,1.32E+00
TCGA-EO-A1Y7,None,None,61,14,4.52E+00,1.74E-21,5.50E-01,3.26E+00,1.106707e-321,1.73E+00,5.08E-38,2.80E-239
TCGA-EO-A1Y8,None,None,69,13,7.42E+00,4.55E-38,5.03E-63,4.35E+00,7.00E+00,2.59E+00,4.90E-36,3.21E-142
TCGA-EO-A22R,p.V411L,None,16639,122,2.07E+03,1.04E+03,9.79E-24,1.40E+03,5.78E+03,4.67E+03,7.90E+01,3.86E-21
TCGA-EO-A22S,None,None,634,675,3.08E-06,3.18E-01,9.98E-10,2.282583e-321,9.48E-158,2.33E+01,6.53E+02,5.40E-32
TCGA-EO-A22T,None,None,1161,222,1.47E+02,8.94E+01,1.75E+02,4.22E-33,8.55E+00,7.99E-70,6.80E+02,4.16E+01
TCGA-EO-A22U,p.P286R,None,18933,189,3.74E+03,1.74E+03,8.79E-20,4.89E+03,2.29E-66,1.69E-20,4.69E-157,1.30E+03
TCGA-EO-A22X,p.P286R,None,12005,72,1.78E+02,9.14E+01,9.26E+01,1.13E+04,1.34E-30,8.48E+01,8.48E+00,1.23E+02
TCGA-EO-A22Y,None,None,50,17,6.44E-254,1.57E-133,7.905050e-322,7.01E-248,5.39E-01,3.87E-83,3.09E+00,1.01E-226
TCGA-EO-A2CG,None,None,44,7,3.93E+00,1.437731e-321,7.905050e-322,2.282583e-321,1.106707e-321,8.942588e-322,5.89E+00,9.486060e-322
TCGA-EO-A2CH,None,None,48,28,6.12E-169,1.437731e-321,2.65E+00,5.74E-192,2.27E-171,3.99E+00,1.427850e-321,4.38E-19
TCGA-EO-A3AS,None,None,187,23,1.02E+01,3.76E+01,7.01E+00,2.282583e-321,1.106707e-321,6.93E+00,6.29E+00,1.52E+00
TCGA-EO-A3AU,None,None,724,374,9.54E+01,1.18E+01,9.41E+00,4.24E-34,1.22E-15,5.92E-48,6.07E+02,4.37E-111
TCGA-EO-A3AV,p.P286R,None,5343,15,7.16E+01,1.06E+02,1.26E-84,5.06E+03,1.23E-35,6.54E+01,6.23E+00,9.40E-42
TCGA-EO-A3AY,p.P286R,None,4677,38,2.87E-77,2.27E+02,3.01E-94,4.28E+03,9.23E+01,5.06E-29,8.576980e-321,5.28E+01
TCGA-EO-A3AZ,None,None,1202,177,8.76E+01,4.32E-120,4.29E-155,2.68E+00,6.38E+00,1.82E-06,5.88E+02,8.25E-09
TCGA-EO-A3B0,p.P286R,None,15063,63,2.69E+02,6.41E+02,3.83E-61,1.32E+04,2.03E+02,4.77E+02,1.13E+01,1.90E+02
TCGA-EO-A3B1,None,None,51,13,1.34E+00,7.75E-122,7.11E+00,2.48E-66,6.30E+00,3.90E+00,1.427850e-321,2.65E-127
TCGA-EO-A3KW,None,None,50,10,7.08E+00,9.03E-129,1.46E-236,5.14E+00,9.55E-01,4.64E+00,7.02E+00,3.71E-261
TCGA-EO-A3KX,None,p.D316N,4108,1189,1.77E+02,9.56E+02,1.50E+03,5.64E+00,7.92E-70,1.06E+02,1.60E+03,1.36E+02
TCGA-EO-A3L0,None,None,78,10,1.46E-50,1.437731e-321,7.905050e-322,5.50E+00,2.88E-01,4.54E+00,6.31E+00,3.17E-297
TCGA-EY-A1G7,None,None,99,21,4.33E+00,8.07E+00,7.905050e-322,2.282583e-321,3.75E+00,1.81E-158,1.25E+01,1.25E+01
TCGA-EY-A1G8,p.P286R,None,3162,44,2.67E+01,3.77E+01,2.91E-81,2.92E+03,5.59E-58,7.99E-36,1.07E+01,5.08E+01
TCGA-EY-A1GC,None,None,57,21,1.33E+01,5.68E-130,8.05E-58,0,0,8.942588e-322,5.50E+00,8.06E+00
TCGA-EY-A1GD,p.V411L,None,1368,25,8.37E+01,5.65E-124,8.57E+00,9.03E+02,2.48E-130,3.26E+02,6.79E-143,2.27E+01
TCGA-EY-A1GE,None,None,41,7,1.84E+00,6.70E-275,1.87E-56,5.05E-81,1.106707e-321,2.92E+00,6.02E-01,1.80E+00
TCGA-EY-A1GF,None,None,398,340,3.81E+01,2.12E+01,3.31E-17,6.15E+00,4.32E-28,9.92E-04,3.11E+02,2.27E+01
TCGA-EY-A1GH,None,None,74,11,1.13E-38,3.85E-212,7.30E-01,2.22E+00,1.106707e-321,4.72E+00,7.64E+00,4.29E-110
TCGA-EY-A1GI,p.P286R,None,5435,47,1.54E+02,2.23E-15,3.55E+01,5.19E+03,1.29E-46,1.57E-48,3.47E+01,2.49E-03
TCGA-EY-A1GJ,None,None,55,21,5.70E+00,9.78E+00,2.97E+00,5.98E-01,4.38E-71,6.46E-59,1.427850e-321,9.486060e-322
TCGA-EY-A1GK,None,None,856,461,4.41E-41,2.80E+01,4.60E+01,8.38E+00,5.20E-21,1.97E+01,7.99E+02,8.64E+01
TCGA-EY-A1GL,None,None,58,9,1.26E+01,1.437731e-321,7.905050e-322,7.06E+00,1.106707e-321,1.03E-273,1.427850e-321,9.486060e-322
TCGA-EY-A1GM,None,None,41,25,7.45E+00,4.88E-98,9.09E-01,5.61E-92,7.70E-154,8.03E-189,1.001471e-320,1.89E-227
TCGA-EY-A1GO,None,None,373,99,3.46E+01,2.60E+01,5.25E+01,1.036121e-311,5.29E-134,1.16E-250,2.52E+02,1.27E-14
TCGA-EY-A1GP,None,None,43,26,5.50E+00,2.49E+00,7.905050e-322,2.36E+00,3.40E-206,8.942588e-322,2.96E+00,9.486060e-322
TCGA-EY-A1GQ,None,None,512,237,3.10E+01,2.94E+00,6.14E+00,5.97E-302,4.45E-46,2.72E+01,3.73E+02,8.21E+01
TCGA-EY-A1GR,None,None,55,25,2.48E+00,1.437731e-321,9.77E-159,7.16E-01,2.63E-287,9.23E+00,1.09E+01,9.486060e-322
TCGA-EY-A1GS,None,None,479,9,1.09E-63,3.59E-63,9.40E-198,1.45E-294,5.89E+00,8.942588e-322,1.24E+01,9.486060e-322
TCGA-EY-A1GT,None,None,81,9,7.29E+00,7.68E-193,2.94E-138,2.282583e-321,1.106707e-321,1.27E-197,2.20E+01,4.31E-29
TCGA-EY-A1GU,None,None,1578,552,2.81E+02,3.30E+02,2.61E+02,2.73E-178,1.72E-263,9.00E-159,7.04E+02,4.23E-96
TCGA-EY-A1GV,None,None,40,5,2.81E+00,2.68E+00,1.80E+00,0,0,4.32E+00,7.79E-01,5.78E-196
TCGA-EY-A1GW,None,None,60,15,1.24E+01,1.25E-43,1.55E-165,0,3.07E+00,6.14E+00,9.02E+00,8.65E-95
TCGA-EY-A1GX,None,None,92,26,4.70E+00,8.41E+00,5.76E-186,1.66E+00,1.106707e-321,6.21E-159,5.37E+00,3.88E+00
TCGA-EY-A1H0,None,None,340,518,1.36E+01,2.88E-05,1.26E-105,5.44E-282,2.26E-10,2.23E+00,3.09E+02,1.09E+01
TCGA-EY-A210,None,None,52,23,6.52E-01,1.437731e-321,2.56E-200,4.24E-221,6.26E+00,5.16E-122,7.01E-200,3.69E+00
TCGA-EY-A212,None,None,80,6,1.71E+00,1.56E-233,1.08E-33,2.282583e-321,1.106707e-321,6.76E-198,1.22E+01,2.20E-148
TCGA-EY-A215,p.D368Y,p.T473M,6002,505,1.18E+03,2.76E+03,1.50E-08,1.16E+02,2.19E-15,1.99E-22,8.13E+02,1.67E+02
TCGA-EY-A2OM,None,None,623,572,6.93E+01,6.67E+00,5.61E-57,1.11E+01,4.42E-17,1.24E+01,5.29E+02,1.60E-70
TCGA-EY-A2ON,None,None,100,15,1.28E+01,7.38E-12,8.52E-62,7.32E-01,4.53E+00,2.70E+00,2.00E-85,8.52E+00
TCGA-EY-A2OO,None,None,66,13,6.48E-04,4.11E+00,3.111629e-311,8.17E+00,1.106707e-321,2.95E-284,1.13E+01,4.83E-127
TCGA-EY-A2OP,None,None,490,296,1.16E+01,1.75E+01,1.20E+01,9.25E-88,2.72E+00,1.10E+01,4.31E+02,1.72E+01
TCGA-EY-A2OQ,None,None,56,16,3.73E-248,1.71E+00,4.57E-283,5.30E-65,1.106707e-321,4.73E-78,3.86E+00,1.30E+00
TCGA-EY-A3L3,None,None,71,34,5.45E-24,1.13E+01,3.54E-114,1.38E+00,1.67E-52,8.942588e-322,8.90E+00,4.22E-220
TCGA-EY-A3QX,None,None,67,16,2.43E-145,5.43E-270,9.24E-146,8.44E+00,6.19E-01,2.49E-262,1.26E-172,2.88E-44
TCGA-EY-A547,None,None,163,NaN,2.11E+01,1.66E-46,8.10E-99,4.69E-169,2.95E+00,9.40E+00,9.24E+01,9.85E+00
TCGA-EY-A548,None,None,587,339,8.36E+01,2.20E-147,9.72E-217,1.38E-224,4.77E-01,4.97E-44,5.21E+02,1.13E-36
TCGA-EY-A549,None,None,1586,433,1.39E-113,2.880403e-321,1.595832e-321,2.29E+00,1.72E-79,1.803340e-321,3.38E+02,0
TCGA-EY-A54A,None,None,144,NaN,1.10E+00,4.29E-08,4.48E-102,5.00E-253,7.06E+00,1.01E+01,1.49E+01,1.31E+00
TCGA-EY-A5W2,None,None,784,NaN,8.54E+01,4.36E-24,3.64E+01,3.40E-63,5.54E-133,1.13E+00,7.18E+02,5.29E+01
TCGA-EY-A72D,None,None,60,NaN,9.33E+00,1.19E-190,5.03E+00,2.49E+00,4.03E+00,6.99E-146,5.84E+00,3.15E-170
TCGA-FI-A2CY,None,None,48,31,1.29E+01,6.87E-84,1.04E-77,2.24E+00,2.203533e-321,2.95E+00,3.31E+00,1.13E-35
TCGA-FI-A2D0,p.V411L,p.D316N,8885,300,3.61E+03,2.20E-51,1.09E-10,2.29E+02,3.43E-58,6.37E+02,3.50E+02,1.89E+02
TCGA-FI-A2D2,None,None,44,3,4.66E+00,1.437731e-321,0,1.46E-195,5.21E+00,1.81E-241,6.19E-142,1.52E+00
TCGA-FI-A2D4,None,None,351,322,4.48E+01,1.51E-176,1.27E+01,2.282583e-321,7.66E+00,1.09E-89,2.75E+02,1.79E-24
TCGA-FI-A2D5,p.V411L,None,19288,68,7.10E+03,7.87E+02,4.70E-24,1.20E+03,1.54E+03,8.27E+03,1.71E-78,2.83E-11
TCGA-FI-A2D6,None,None,634,655,7.84E+01,1.88E-107,2.04E-62,3.88E-64,6.08E+00,7.31E+00,5.66E+02,3.69E+01
TCGA-FI-A2EU,None,None,73,10,9.70E+00,8.27E-01,1.05E+01,0,1.106707e-321,1.33E-191,7.50E+00,2.01E-87
TCGA-FI-A2EW,None,None,127,NaN,1.665001e-321,2.75E+00,7.905050e-322,7.90E+00,2.19E-240,1.244626e-317,9.09E+00,5.45E-174
TCGA-FI-A2EX,None,None,60,5,2.08E-272,1.19E-270,0,6.39E+00,3.57E+00,8.942588e-322,6.52E+00,0
TCGA-FI-A2EY,None,None,120,44,1.64E+00,5.82E-10,2.87E+00,2.282583e-321,9.88E+00,1.09E-117,1.23E+01,3.66E+00
TCGA-FI-A2F4,None,p.E318K,2297,487,9.22E+01,1.69E+02,1.04E+03,3.93E-196,2.53E-129,2.07E-50,5.67E+02,5.57E+02
TCGA-FI-A2F8,None,None,97,3,7.21E-153,1.437731e-321,0,8.18E-01,4.76E+00,4.49E-01,1.427850e-321,6.89E+00
TCGA-FI-A2F9,None,None,52,18,2.70E-188,2.87E+00,4.20E-243,2.282583e-321,7.24E-132,2.85E+00,2.21E+01,8.92E-04
TCGA-FI-A3PV,None,None,92,25,3.26E-92,1.24E+01,5.82E-119,3.21E+00,6.05E-171,7.40E-01,3.39E+00,2.75E-156
TCGA-FI-A3PX,None,None,101,15,5.57E+00,1.41E-85,2.73E-157,2.73E+00,4.50E+00,1.31E+01,8.19E-76,5.13E+00
TCGA-H5-A2HR,None,None,57,23,4.66E-78,5.46E+00,2.13E+00,4.84E+00,1.18E-23,2.36E-164,3.81E+00,9.486060e-322
TCGA-JU-AAVI,None,None,62,NaN,5.28E+00,2.13E-210,4.40E-174,1.86E-251,1.106707e-321,4.50E-259,2.93E+00,1.36E-52
TCGA-K6-A3WQ,None,None,50,31,1.28E+00,1.67E-118,7.905050e-322,6.51E-01,6.87E-132,7.27E+00,1.427850e-321,1.64E+00
TCGA-KJ-A3U4,None,None,57,16,2.09E+00,1.06E+00,1.97E+00,2.54E-156,1.106707e-321,3.73E-45,1.427850e-321,0
TCGA-KP-A3VZ,None,None,117,29,6.37E-126,3.22E+00,1.09E+01,2.65E+00,6.46E-294,3.41E-167,8.07E+00,6.86E+00
TCGA-KP-A3W0,None,None,41,18,3.07E-149,6.91E-218,2.63E+00,0,0,8.942588e-322,6.06E+00,3.03E+00
TCGA-KP-A3W1,None,None,56,9,3.42E-190,7.48E+00,3.44E-191,7.65E-258,1.106707e-321,4.11E+00,4.92E+00,6.72E-100
TCGA-KP-A3W3,None,None,53,15,1.665001e-321,1.437731e-321,9.57E+00,1.76E+00,4.46E+00,6.08E-240,9.15E-269,6.32E-03
TCGA-KP-A3W4,None,None,51,15,9.08E-45,2.32E-222,3.05E+00,2.42E+00,6.89E-14,8.942588e-322,6.59E+00,9.486060e-322
TCGA-PG-A5BC,None,None,62,21,6.98E-74,2.00E+00,4.18E+00,8.81E-01,1.106707e-321,8.942588e-322,1.17E-205,1.28E+01
TCGA-PG-A6IB,None,None,485,NaN,3.40E+01,5.11E-01,4.57E+01,1.27E-303,8.03E+00,7.87E-24,3.27E+02,1.44E+01
TCGA-PG-A7D5,None,None,36,NaN,1.41E-297,0,4.27E+00,1.96E-265,1.106707e-321,8.942588e-322,2.44E-40,1.71E-41
TCGA-PG-A914,None,None,170,NaN,1.46E-119,2.52E-83,1.34E-184,2.50E+00,8.15E+00,8.942588e-322,4.32E+00,9.486060e-322
TCGA-PG-A915,None,None,91,NaN,2.91E-70,3.14E-48,2.45E+00,2.282583e-321,1.25E-268,1.11E+01,1.20E+01,1.96E-199
TCGA-PG-A916,None,None,38,NaN,6.19E-116,4.80E-170,1.06E-117,4.17E-215,2.02E-215,9.88E-01,1.29E+01,7.63E-287
TCGA-PG-A917,None,None,776,NaN,4.68E+01,8.01E+01,5.01E-72,2.03E-02,3.70E+00,1.09E-80,5.35E+02,2.77E+01
TCGA-QF-A5YS,p.P286R,None,1926,NaN,4.96E+01,1.94E-196,2.60E-183,1.80E+03,8.25E-140,7.63E-183,1.09E+01,1.912034e-321
TCGA-QS-A5YQ,p.P286R,None,1158,NaN,8.33E+00,1.437731e-321,7.905050e-322,1.11E+03,1.87E-177,8.09E-139,1.427850e-321,1.96E-95
TCGA-QS-A5YR,None,None,282,NaN,8.18E+00,2.17E+00,9.36E+00,1.73E+00,7.34E-118,3.18E-195,2.08E+02,7.30E-49
TCGA-QS-A744,None,None,70,NaN,1.56E-31,8.36E+00,2.02E-44,2.282583e-321,1.106707e-321,1.69E-42,2.37E+00,9.37E-01
TCGA-QS-A8F1,None,None,79,NaN,6.21E-283,1.44E-42,1.64E+01,2.282583e-321,3.43E-02,2.76E-162,6.62E-183,9.06E-01
TCGA-SJ-A6ZI,None,None,1800,NaN,5.52E+02,4.87E-92,3.11E+02,1.26E+01,3.69E+00,6.24E+00,2.49E+02,2.39E+01
TCGA-SJ-A6ZJ,None,None,75,NaN,1.27E-91,0.00E+00,7.905050e-322,8.78E-74,4.76E+00,8.942588e-322,1.427850e-321,9.46E+00
TCGA-SL-A6J9,None,None,58,NaN,2.38E-01,1.41E-79,1.25E+01,1.52E-129,1.106707e-321,2.88E+00,3.76E+00,9.77E-262
TCGA-SL-A6JA,None,None,777,NaN,6.54E+01,1.58E+01,1.78E-46,8.27E+00,6.63E+00,8.45E+00,6.71E+02,7.32E+00
